{
  "users": [
    {
      "userName": "sheila",
      "password": "parker",
      "email": "sheila@parker.com",
      "firstName": "Sheila",
      "lastName": "Parker",
      "gender": "f",
      "personID": "Sheila_Parker"
    }
  ],
  "persons": [
    {
      "firstName": "Sheila",
      "lastName": "Parker",
      "gender": "f",
      "personID": "Sheila_Parker",
      "fatherID": "Patrick_Spencer",
      "motherID": "Im_really_good_at_names",
      "associatedUsername": "sheila"
    },
    {
      "firstName": "Patrick",
      "lastName": "Spencer",
      "gender": "m",
      "personID":"Patrick_Spencer",
      "spouseID": "Im_really_good_at_names",
      "associatedUsername": "sheila"
    },
    {
      "firstName": "CS240",
      "lastName": "JavaRocks",
      "gender": "f",
      "personID": "Im_really_good_at_names",
      "spouseID": "Patrick_Spencer",
      "associatedUsername": "sheila"
    }
  ],
  "events": [
    {
      "eventType": "birth",
      "personID": "Sheila_Parker",
      "city": "Salt Lake City",
      "country": "United States",
      "latitude": 40.7500,
      "longitude": -110.1167,
      "year": 2016,
      "eventID": "Sheila_Family_Map",
      "associatedUsername":"sheila"
    },
    {
      "eventType": "birth",
      "personID": "Patrick_Spencer",
      "city": "Provo",
      "country": "United States",
      "latitude": 40.2338,
      "longitude": -111.6585,
      "year": 2017,
      "eventID": "I_hate_formatting",
      "associatedUsername": "sheila"
    }
  ]
}
